{
  "Reptiles" : {
    "transaction" : "Reptiles",
    "sampleCount" : 25,
    "errorCount" : 0,
    "errorPct" : 0.0,
    "meanResTime" : 2.2800000000000002,
    "medianResTime" : 2.0,
    "minResTime" : 1.0,
    "maxResTime" : 4.0,
    "pct1ResTime" : 3.0,
    "pct2ResTime" : 3.6999999999999993,
    "pct3ResTime" : 4.0,
    "throughput" : 2.3937188816545385,
    "receivedKBytesPerSec" : 8.677230945997701,
    "sentKBytesPerSec" : 0.5890792560321715
  },
  "Main Catalog" : {
    "transaction" : "Main Catalog",
    "sampleCount" : 86,
    "errorCount" : 0,
    "errorPct" : 0.0,
    "meanResTime" : 2.081395348837209,
    "medianResTime" : 2.0,
    "minResTime" : 1.0,
    "maxResTime" : 6.0,
    "pct1ResTime" : 3.0,
    "pct2ResTime" : 4.0,
    "pct3ResTime" : 6.0,
    "throughput" : 1.5415501541550154,
    "receivedKBytesPerSec" : 7.681178356008461,
    "sentKBytesPerSec" : 0.6743406680200044
  },
  "Birds" : {
    "transaction" : "Birds",
    "sampleCount" : 24,
    "errorCount" : 0,
    "errorPct" : 0.0,
    "meanResTime" : 2.3750000000000004,
    "medianResTime" : 2.0,
    "minResTime" : 1.0,
    "maxResTime" : 4.0,
    "pct1ResTime" : 3.0,
    "pct2ResTime" : 3.75,
    "pct3ResTime" : 4.0,
    "throughput" : 2.0824295010845986,
    "receivedKBytesPerSec" : 7.544739696312364,
    "sentKBytesPerSec" : 0.5063720173535792
  },
  "Login" : {
    "transaction" : "Login",
    "sampleCount" : 76,
    "errorCount" : 0,
    "errorPct" : 0.0,
    "meanResTime" : 5.407894736842108,
    "medianResTime" : 5.0,
    "minResTime" : 2.0,
    "maxResTime" : 12.0,
    "pct1ResTime" : 8.0,
    "pct2ResTime" : 11.0,
    "pct3ResTime" : 12.0,
    "throughput" : 1.5478615071283095,
    "receivedKBytesPerSec" : 7.953952393075356,
    "sentKBytesPerSec" : 2.2749331720977595
  },
  "Login-0" : {
    "transaction" : "Login-0",
    "sampleCount" : 76,
    "errorCount" : 0,
    "errorPct" : 0.0,
    "meanResTime" : 3.0789473684210518,
    "medianResTime" : 3.0,
    "minResTime" : 1.0,
    "maxResTime" : 9.0,
    "pct1ResTime" : 5.0,
    "pct2ResTime" : 5.0,
    "pct3ResTime" : 9.0,
    "throughput" : 1.5478930324446527,
    "receivedKBytesPerSec" : 0.2917415578728691,
    "sentKBytesPerSec" : 1.3302205747571234
  },
  "Login-1" : {
    "transaction" : "Login-1",
    "sampleCount" : 76,
    "errorCount" : 0,
    "errorPct" : 0.0,
    "meanResTime" : 2.210526315789474,
    "medianResTime" : 2.0,
    "minResTime" : 0.0,
    "maxResTime" : 11.0,
    "pct1ResTime" : 4.299999999999997,
    "pct2ResTime" : 6.0,
    "pct3ResTime" : 11.0,
    "throughput" : 1.5479876160990713,
    "receivedKBytesPerSec" : 7.6628410410216725,
    "sentKBytesPerSec" : 0.9448166602167183
  },
  "Home-0" : {
    "transaction" : "Home-0",
    "sampleCount" : 91,
    "errorCount" : 0,
    "errorPct" : 0.0,
    "meanResTime" : 1.0769230769230769,
    "medianResTime" : 1.0,
    "minResTime" : 0.0,
    "maxResTime" : 5.0,
    "pct1ResTime" : 2.0,
    "pct2ResTime" : 2.0,
    "pct3ResTime" : 5.0,
    "throughput" : 1.5529805280133795,
    "receivedKBytesPerSec" : 0.22142105184565763,
    "sentKBytesPerSec" : 0.2669851912213936
  },
  "Home-1" : {
    "transaction" : "Home-1",
    "sampleCount" : 91,
    "errorCount" : 0,
    "errorPct" : 0.0,
    "meanResTime" : 1.3186813186813189,
    "medianResTime" : 1.0,
    "minResTime" : 0.0,
    "maxResTime" : 6.0,
    "pct1ResTime" : 3.0,
    "pct2ResTime" : 4.0,
    "pct3ResTime" : 6.0,
    "throughput" : 1.5529805280133795,
    "receivedKBytesPerSec" : 2.0489030208457772,
    "sentKBytesPerSec" : 0.26850177376828166
  },
  "Total" : {
    "transaction" : "Total",
    "sampleCount" : 961,
    "errorCount" : 0,
    "errorPct" : 0.0,
    "meanResTime" : 2.608740894901148,
    "medianResTime" : 2.0,
    "minResTime" : 0.0,
    "maxResTime" : 18.0,
    "pct1ResTime" : 5.0,
    "pct2ResTime" : 6.0,
    "pct3ResTime" : 11.0,
    "throughput" : 16.3954004162828,
    "receivedKBytesPerSec" : 48.09986002170983,
    "sentKBytesPerSec" : 9.179794129815402
  },
  "Dogs" : {
    "transaction" : "Dogs",
    "sampleCount" : 25,
    "errorCount" : 0,
    "errorPct" : 0.0,
    "meanResTime" : 3.48,
    "medianResTime" : 3.0,
    "minResTime" : 1.0,
    "maxResTime" : 18.0,
    "pct1ResTime" : 8.800000000000026,
    "pct2ResTime" : 17.4,
    "pct3ResTime" : 18.0,
    "throughput" : 1.7740562021004826,
    "receivedKBytesPerSec" : 7.44272016037468,
    "sentKBytesPerSec" : 0.4296542364462106
  },
  "Sign In" : {
    "transaction" : "Sign In",
    "sampleCount" : 81,
    "errorCount" : 0,
    "errorPct" : 0.0,
    "meanResTime" : 2.4074074074074066,
    "medianResTime" : 2.0,
    "minResTime" : 1.0,
    "maxResTime" : 9.0,
    "pct1ResTime" : 3.0,
    "pct2ResTime" : 4.0,
    "pct3ResTime" : 9.0,
    "throughput" : 1.537848151734351,
    "receivedKBytesPerSec" : 5.891506207163335,
    "sentKBytesPerSec" : 0.818483635444552
  },
  "Sign Out" : {
    "transaction" : "Sign Out",
    "sampleCount" : 73,
    "errorCount" : 0,
    "errorPct" : 0.0,
    "meanResTime" : 4.726027397260275,
    "medianResTime" : 4.0,
    "minResTime" : 1.0,
    "maxResTime" : 17.0,
    "pct1ResTime" : 7.0,
    "pct2ResTime" : 9.299999999999997,
    "pct3ResTime" : 17.0,
    "throughput" : 1.6386083052749718,
    "receivedKBytesPerSec" : 8.427482288159371,
    "sentKBytesPerSec" : 1.7187061588103256
  },
  "Sign Out-0" : {
    "transaction" : "Sign Out-0",
    "sampleCount" : 73,
    "errorCount" : 0,
    "errorPct" : 0.0,
    "meanResTime" : 1.8356164383561644,
    "medianResTime" : 2.0,
    "minResTime" : 1.0,
    "maxResTime" : 5.0,
    "pct1ResTime" : 2.6000000000000085,
    "pct2ResTime" : 4.0,
    "pct3ResTime" : 5.0,
    "throughput" : 1.6386818712400109,
    "receivedKBytesPerSec" : 0.53289166320598,
    "sentKBytesPerSec" : 0.8673491935664901
  },
  "Home" : {
    "transaction" : "Home",
    "sampleCount" : 91,
    "errorCount" : 0,
    "errorPct" : 0.0,
    "meanResTime" : 2.5054945054945046,
    "medianResTime" : 2.0,
    "minResTime" : 1.0,
    "maxResTime" : 8.0,
    "pct1ResTime" : 4.0,
    "pct2ResTime" : 5.3999999999999915,
    "pct3ResTime" : 8.0,
    "throughput" : 1.5529540257346666,
    "receivedKBytesPerSec" : 2.270285328637496,
    "sentKBytesPerSec" : 0.5354778266749719
  },
  "Sign Out-1" : {
    "transaction" : "Sign Out-1",
    "sampleCount" : 73,
    "errorCount" : 0,
    "errorPct" : 0.0,
    "meanResTime" : 2.6575342465753424,
    "medianResTime" : 2.0,
    "minResTime" : 0.0,
    "maxResTime" : 16.0,
    "pct1ResTime" : 5.0,
    "pct2ResTime" : 7.299999999999997,
    "pct3ResTime" : 16.0,
    "throughput" : 1.6386818712400109,
    "receivedKBytesPerSec" : 7.894968980088892,
    "sentKBytesPerSec" : 0.8514341272335458
  }
}